INSERT INTO sabang_community_chapter (name, alexis_name, batch_name, chapter, date_of_survival, gt, mi) 
VALUES 
    ('John Doe', 'Alexis1', 'Batch 2020', 'Chapter 1', '2020-05-01', 'GT1', 'MI1'),
    ('Jane Smith', 'Alexis2', 'Batch 2021', 'Chapter 2', '2021-06-15', 'GT2', 'MI2'),
    ('Michael Johnson', 'Alexis3', 'Batch 2019', 'Chapter 3', '2019-07-20', 'GT3', 'MI3'),
    ('Emily Davis', 'Alexis4', 'Batch 2018', 'Chapter 4', '2018-08-25', 'GT4', 'MI4'),
    ('David Wilson', 'Alexis5', 'Batch 2022', 'Chapter 5', '2022-09-30', 'GT5', 'MI5');

    INSERT INTO songco_community_chapter (name, alexis_name, batch_name, chapter, date_of_survival, gt, mi) 
VALUES 
    ('John Doe', 'Alexis1', 'Batch 2020', 'Chapter 1', '2020-05-01', 'GT1', 'MI1'),
    ('Jane Smith', 'Alexis2', 'Batch 2021', 'Chapter 2', '2021-06-15', 'GT2', 'MI2'),
    ('Michael Johnson', 'Alexis3', 'Batch 2019', 'Chapter 3', '2019-07-20', 'GT3', 'MI3'),
    ('Emily Davis', 'Alexis4', 'Batch 2018', 'Chapter 4', '2018-08-25', 'GT4', 'MI4'),
    ('David Wilson', 'Alexis5', 'Batch 2022', 'Chapter 5', '2022-09-30', 'GT5', 'MI5');

    INSERT INTO metro_community_chapter (name, alexis_name, batch_name, chapter, date_of_survival, gt, mi) 
VALUES 
    ('John Doe', 'Alexis1', 'Batch 2020', 'Chapter 1', '2020-05-01', 'GT1', 'MI1'),
    ('Jane Smith', 'Alexis2', 'Batch 2021', 'Chapter 2', '2021-06-15', 'GT2', 'MI2'),
    ('Michael Johnson', 'Alexis3', 'Batch 2019', 'Chapter 3', '2019-07-20', 'GT3', 'MI3'),
    ('Emily Davis', 'Alexis4', 'Batch 2018', 'Chapter 4', '2018-08-25', 'GT4', 'MI4'),
    ('David Wilson', 'Alexis5', 'Batch 2022', 'Chapter 5', '2022-09-30', 'GT5', 'MI5');

    INSERT INTO phlmc_community_chapter (name, alexis_name, batch_name, chapter, date_of_survival, gt, mi) 
VALUES 
    ('John Doe', 'Alexis1', 'Batch 2020', 'Chapter 1', '2020-05-01', 'GT1', 'MI1'),
    ('Jane Smith', 'Alexis2', 'Batch 2021', 'Chapter 2', '2021-06-15', 'GT2', 'MI2'),
    ('Michael Johnson', 'Alexis3', 'Batch 2019', 'Chapter 3', '2019-07-20', 'GT3', 'MI3'),
    ('Emily Davis', 'Alexis4', 'Batch 2018', 'Chapter 4', '2018-08-25', 'GT4', 'MI4'),
    ('David Wilson', 'Alexis5', 'Batch 2022', 'Chapter 5', '2022-09-30', 'GT5', 'MI5');

    INSERT INTO balikasu_community_chapter (name, alexis_name, batch_name, chapter, date_of_survival, gt, mi) 
VALUES 
    ('John Doe', 'Alexis1', 'Batch 2020', 'Chapter 1', '2020-05-01', 'GT1', 'MI1'),
    ('Jane Smith', 'Alexis2', 'Batch 2021', 'Chapter 2', '2021-06-15', 'GT2', 'MI2'),
    ('Michael Johnson', 'Alexis3', 'Batch 2019', 'Chapter 3', '2019-07-20', 'GT3', 'MI3'),
    ('Emily Davis', 'Alexis4', 'Batch 2018', 'Chapter 4', '2018-08-25', 'GT4', 'MI4'),
    ('David Wilson', 'Alexis5', 'Batch 2022', 'Chapter 5', '2022-09-30', 'GT5', 'MI5');

    INSERT INTO tubcc (name, alexis_name, batch_name, chapter, date_of_survival, gt, mi) 
VALUES 
    ('John Doe', 'Alexis1', 'Batch 2020', 'Chapter 1', '2020-05-01', 'GT1', 'MI1'),
    ('Jane Smith', 'Alexis2', 'Batch 2021', 'Chapter 2', '2021-06-15', 'GT2', 'MI2'),
    ('Michael Johnson', 'Alexis3', 'Batch 2019', 'Chapter 3', '2019-07-20', 'GT3', 'MI3'),
    ('Emily Davis', 'Alexis4', 'Batch 2018', 'Chapter 4', '2018-08-25', 'GT4', 'MI4'),
    ('David Wilson', 'Alexis5', 'Batch 2022', 'Chapter 5', '2022-09-30', 'GT5', 'MI5');

    INSERT INTO lpcc (name, alexis_name, batch_name, chapter, date_of_survival, gt, mi) 
VALUES 
    ('John Doe', 'Alexis1', 'Batch 2020', 'Chapter 1', '2020-05-01', 'GT1', 'MI1'),
    ('Jane Smith', 'Alexis2', 'Batch 2021', 'Chapter 2', '2021-06-15', 'GT2', 'MI2'),
    ('Michael Johnson', 'Alexis3', 'Batch 2019', 'Chapter 3', '2019-07-20', 'GT3', 'MI3'),
    ('Emily Davis', 'Alexis4', 'Batch 2018', 'Chapter 4', '2018-08-25', 'GT4', 'MI4'),
    ('David Wilson', 'Alexis5', 'Batch 2022', 'Chapter 5', '2022-09-30', 'GT5', 'MI5');